;Year;Author;Title;canon;Author gender;Illustrations
;1833;Girardin Delphine de;Contes d’une vieille fille a ses neveux;non_canon;female;Yes
;1835;Woillez Catherine ;Le Robinson des demoiselles;non_canon;female;Two at the beginning
;1843;Desnoyers Louis;Les aventures de Jean Paul Choppart;non_canon;male;Yes
;1843;Woillez Catherine;Leontine et Marie ou les Deux éducations;non_canon;female;Yes
;1845;Dumas Alexandre ;Histoire d un Casse noisette;canon;male;Yes
;1846;Musset Paul de;Monsieur le Vent et Madame la Pluie;non_canon;male;Yes
;1848;Woillez Catherine;Edma et Marguerite ou les Ruines de Chatillon d Azergues;non_canon;female;Yes
;1851;Sand George ;Histoire du véritable Gribouille;canon;female;Yes (wikisource)
;1852;Carraud Zulma;Tourangin Mme La petite Jeanne;non_canon;female;Yes
;1854;Bassanville Anais de ;Les Primeurs de la vie ou Bonheurs joies et douleurs de la jeunesse;non_canon;female;Yes
;1854;Dumas Alexandre;La jeunesse de Pierrot;canon;male;Yes
;1855;Solignac Armand de ;Le Gâteau des rois souvenirs d enfance;non_canon;male;One at the beginning
;1858;Gouraud Julie;Les Vacances d Yvonne;non_canon;female;
;1858;Pressense Elise de ;Rosa;non_canon;female;
;1858;Segur comtesse de ;Les Malheurs de Sophie;non_canon;female;Yes (wikisource)
;1858;Segur comtesse de ;Les Petites Filles Modèles;non_canon;female;Yes (wikisource)
;1859;Segur comtesse de ;Les Vacances;non_canon;female;Yes
;1860;Sauquet Aricie Courbatere Mme ;Les Veillées du pensionnat;non_canon;female;Yes (poche)
;1860;Segur comtesse de ;Les Mémoires d un âne;non_canon;female;Yes (wikisource)
;1861;Segur comtesse de ;Pauvre Blaise;non_canon;female;Yes
;1862;Leneveux Louise ;Soirées en famille lectures pour la jeunesse;non_canon;female;Yes
;1862;Segur comtesse de ;La soeur de Gribouille;non_canon;female;Yes
;1863;Farrenc Cesarie;La jalousie;non_canon;female;One at the beginning
;1864;Segur comtesse de ;Les deux nigauds;non_canon;female;Yes
;1864;Ribelle Charles de ;Les Confidences de Gribouille;non_canon;male;Yes
;1864;Segur comtesse de ;François le Bossu;non_canon;female;Yes
;1865;Kaempfen Albert ;La Tasse a the;non_canon;male;Yes
;1866;Gouraud Julie ;Mémoires d'un caniche;non_canon;female;Yes
;1866;Muller Rene ;Les Enfants gâtés;non_canon;male;One at the beginning
;1866;Segur comtesse de ;Jean qui grogne et Jean qui rit;non_canon;female;Yes
;1866;Segur comtesse de ;Un Bon Petit Diable;non_canon;female;Yes
;1867;Gouraud Julie ;Le petit colporteur;non_canon;female;Yes
;1867;Houssaye Arsene ;La Pantoufle de Cendrillon ou Suzanne aux coquelicots;non_canon;male;Yes
;1867;Marcel Jeanne ;Les petits vagabonds;non_canon;female;Yes
;1867;Pitray Olga de Segur;Les enfants des Tuileries;non_canon;female;Yes
;1867;Pressense Elise de ;Deux ans au lycée;non_canon;female;
;1867;Sauquet Victor ;L’Enfant des montagnes;non_canon;male;
;1867;Savigny Laurence de ;Le Robinson des Alpes;non_canon;female;Yes
;1867;Segur comtesse de ;Le Mauvais Génie;non_canon;female;
;1868;Gouraud Julie ;L’Enfant du guide;non_canon;female;Yes
;1869;Carraud Zulma Tourangin Mme;Les Gouters de la grand mere;non_canon;female;Yes
;1872;Gouraud Julie ;Le Livre de maman;non_canon;female;Yes
;1873;1872 Gouraud Julie;Petite et grande;non_canon;female;Yes
;1873;Pressense Elise de ;Un petit monde d’enfants;non_canon;female;
;1873;Sannois Comtesse de ;Les Soirées a la maison;non_canon;female;Yes
;1873;Viollet le Duc Eugene Emmanuel ;Histoire d’une maison;non_canon;male;Yes
;1874;Fleuriot Zenaide ;Armelle Trahec;non_canon;female;
;1874;Stolz Madame de;Les Poches de mon oncle;non_canon;female;Yes
;1874;Witt Henriette de;Une soeur;non_canon;female;Yes
;1875;Legouve Ernest;Nos filles et nos fils scènes et études de famille;non_canon;male;Yes
;1875;Comtesse de Mirabeau;Voyages d un capitaine;non_canon;female;Yes
;1876;Chazel Prosper;Le Chalet des sapins;non_canon;male;Yes
;1876;Gouraud Julie ;Les Filles du professeur;non_canon;female;Yes
;1876;Gouraud Julie ;Les Quatre pièces d'or;non_canon;female;Yes
;1877;Bruno G.;Le Tour de la France par deux enfants;non_canon;female;
;1877;Fleuriot Zenaide ;Un enfant gâté;non_canon;female;Yes
;1878;Assolant Alfred;Le plus hardi des gueux;non_canon;male;
;1878;Berthet Elie;Les Petits écoliers dans les cinq parties du monde;non_canon;male;Yes
;1878;Chavannes de La Giraudiere;Hippolyte de Patrice;non_canon;male;
;1878;Dupuis Eudoxie;Cyprienne et Cyprien;non_canon;female;
;1878;Girardin Jules;Ouida: Pascarel roman imite de l’anglais;non_canon;male;
;1878;Gouraud Julie ;Cousine Marie;non_canon;female;Yes
;1880;Fleuriot Zenaide ;Bonasse;non_canon;female;
;1880;Fleuriot Zenaide ;Tranquille et Tourbillon;non_canon;female;Yes
;1880;Gouraud Julie ;Aller et retour;non_canon;female;Yes
;1880;Gozlan Leon;Aventures merveilleuses et touchantes du prince Chenevis et de sa jeune soeur;non_canon;male;Yes
;1880;Martignat Mll de;Mlle de L’Oncle Boni;non_canon;female;Yes
;1881;Colomb Josephine;Feu de paille;non_canon;female;Yes
;1881;Erckmann Chatrian;Les Vieux de la Vieille Justine et Lucien.;non_canon;male;Yes
;1881;Fleuriot Zenaide ;Alberte;non_canon;female;
;1881;Laurie Andre;Mémoires d’un collégien;non_canon;male;Yes
;1881;Martignat Mll de;Mlle de Ginette;non_canon;female;Yes
;1881;Stolz Madame de;Les deux reines;non_canon;female;Yes
;1882;Fleuriot Zenaide ;Bouche en coeur;non_canon;female;Yes
;1882;Gouraud Julie ;Chez grand-mère;non_canon;female;Yes
;1883;Halt Marie Robert;Histoire d’un petit homme;non_canon;female;Yes
;1884;Gouraud Julie ;Le Vieux château;non_canon;female;Yes
;1884;Laurie Andre;L’Heritier de Robinson;non_canon;female;Yes
;1885;Amero Constant;Le tour de France d’un petit Parisien;non_canon;male;Yes
;1885;Bazin Rene;Ma tante Giron;non_canon;male;
;1885;Malot Hector;Romain Kalbris;non_canon;male;Yes
;1886;Lemonnier Camille;Les joujoux parlants;non_canon;male;Yes
;1886;Sand George ;Les ailes de courage;canon;female;
;1887;Malot Hector;Sans famille;non_canon;male;Yes
;1887;Soboleska Mme;Les Jeunes filles de Quinnebasset;non_canon;female;
;1888;Blandy Stella;L’Oncle Philibert;non_canon;female;Yes
;1888;Gouraud Julie;Quand je serai grande;non_canon;female;Yes
;1888;Stolz Madame de;Violence et bonté;non_canon;female;Yes
;1889;Dombre Roger;Folla;non_canon;female;
;1889;La Brete Jean de;Mon oncle et mon curé;non_canon;female;Yes
;1890;Dombre Roger;La Nounou;non_canon;female;
;1890;Dombre Roger;Une pupille genante;non_canon;female;
;1890;Hameau Louise;Mademoiselle Pourquoi;non_canon;female;Yes (in colors)
;1890;Pitray Olga de Segur;Voyages abracadabrants du gros Phileas;non_canon;female;Yes
;1891;Pitray Olga de Segur;L’Usine et le château;non_canon;female;Yes
;1891;Witt Henriette de;La Petite fille aux grand-mères;non_canon;female;Yes
;1892;Colomb Josephine;Les Conquêtes d’Hermine;non_canon;female;Yes
;1892;Stolz Madame de;La famille Coquelicot;non_canon;female;Yes
;1892;Malot Hector;En Famille;non_canon;male;Yes
;1893;Delorme Marie;Les Filles du clown;non_canon;female;Yes
;1893;Vadier Berthe;Rose et Rosette odyssée d une trop belle poupée;non_canon;female;Yes
;1894;Gautier Judith;Mémoires d’un Éléphant blanc;non_canon;female;Yes (wikisource)
;1895;Mael Pierre;Les Derniers Hommes rouge;non_canon;male;
;1896;Gyp;Bijou;non_canon;female; 
;1896;Soboleska Mme;Siribeddi mémoires d’un éléphant;non_canon;female;Yes
;1897;Gerald Montmeril;Chryseis au désert;non_canon;female;Yes
;1897;Mael Pierre;Au pays du mystère;non_canon;male;Yes
;1897;Margueritte Victor;Victor Poum (aventures d un petit garçon);non_canon;male;Yes
;1899;Colomb Josephine;Chloris et Jeanneton;non_canon;female;Yes
;1900;Chabrier Rieder Charlotte ;Les épreuves de Charlotte;non_canon;female;Yes
;1901;Mael Pierre;Un mousse de Surcouf;non_canon;male;
;1901;Soboleska Mme;Les Bonnes idées de Mlle Rose Les Enfants au ballon élastique;non_canon;female;
;1903;Chabrier Rieder;Les Enfants du Luxembourg;non_canon;female;Yes
;1905;Toulet Paul Jean;Mon amie Nane;non_canon;male;
;1906;Morin Louis;Grand-mère avait des défauts ;non_canon;male;Yes
;1907;Mael Pierre;Le Forban noir;non_canon;male;Yes
;1910;Cim Albert;Le petit Léveillé;non_canon;male;Yes
;1910;Graffigny H de;Le tour de France en aeroplane;non_canon;male;
;1911;Marchal Gustave;Tante Meteore;non_canon;male;Yes
;1925;Robida Albert;Un chalet dans les airs;non_canon;male;Yes
;1926;Mac Orlan;Les clients du Bon Chien Jaune;canon;male;
;1930;Genestoux Magdaleine du;Mademoiselle trouble fete;non_canon;female;
;1943;Saint Exupery Antoine;Le petit prince;canon;male;
;;;Loi du 16 juillet 1949 sur les publications destinées à la jeunesse;;;