filename,year,topic,top_words
1833_Girardin-Delphine-de_Contes-d-une-vieille-fille-a-ses-neveux.txt,1833,1,"tante, mlle, mademoisell, vieillard, colonel, nièce, docteur, capitaine, vacance, chéri, écolier, neveu, professeur, demoiselle, notaire, hôtel, classe, apprécier, marraine, invitation"
1835_Woillez-Catherine_Le-Robinson-des-demoiselles.txt,1835,5,"éléphant, vieillard, montagne, troupe, peuple, compagne, vallée, sourd, prince, créature, palais, nourriture, bande, capitaine, orphelin, princesse, solitude, rivière, trompe, rocher"
1843_Desnoyers-Louis_Les-aventures-de-Jean-Paul-Choppart.txt,1843,0,"tante, curé, classe, juge, chanoinesse, capitaine, vache, neige, lycée, mademoisell, pension, professeur, public, tuteur, docteur, hôtel, magister, billet, aveugle, bateau"
1843_Woillez-Catherine_Leontine-et-Marie-ou-les-Deux-educations.txt,1843,5,"éléphant, vieillard, montagne, troupe, peuple, compagne, vallée, sourd, prince, créature, palais, nourriture, bande, capitaine, orphelin, princesse, solitude, rivière, trompe, rocher"
1845_Dumas-Alexandre_Histoire-d-un-Casse-noisette.txt,1845,7,"curé, capitaine, baron, parisien, hôtel, sénéchal, pont, boutique, vallée, commerce, commissaire, siècle, marchand, abbé, département, quartier, gare, police, ouvrier, marquis"
1846_Musset-Paul-de_Monsieur-le-Vent-et-Madame-la-Pluie.txt,1846,3,"poupée, baron, princesse, baronne, moulin, bergère, mlle, jouet, tailleur, artiste, lune, prince, valet, soulier, fée, neige, portrait, fermier, meunier, marchand"
1848_Woillez-Catherine_Edma-et-Marguerite-ou-les-Ruines-de-Chatillon-d-Azergues.txt,1848,5,"éléphant, vieillard, montagne, troupe, peuple, compagne, vallée, sourd, prince, créature, palais, nourriture, bande, capitaine, orphelin, princesse, solitude, rivière, trompe, rocher"
1851_Sand-George_Histoire-du-veritable-Gribouille.txt,1851,5,"éléphant, vieillard, montagne, troupe, peuple, compagne, vallée, sourd, prince, créature, palais, nourriture, bande, capitaine, orphelin, princesse, solitude, rivière, trompe, rocher"
1852_Carraud-Zulma-Tourangin-Mme_La-petite-Jeanne.txt,1852,7,"curé, capitaine, baron, parisien, hôtel, sénéchal, pont, boutique, vallée, commerce, commissaire, siècle, marchand, abbé, département, quartier, gare, police, ouvrier, marquis"
1854_Dumas-Alexandre_La-jeunesse-de-Pierrot.txt,1854,2,"prince, planète, étoile, palais, renard, ministre, bûcheron, serpent, poisson, million, baobab, géographe, bonhomme, fée, allumeur, volcan, dessiner, réverbère, royal, mendiant"
1854_Bassanville-Anais-de_Les-Primeurs-de-la-vie-ou-Bonheurs-joies-et-douleurs-de-la-jeunesse.txt,1854,5,"éléphant, vieillard, montagne, troupe, peuple, compagne, vallée, sourd, prince, créature, palais, nourriture, bande, capitaine, orphelin, princesse, solitude, rivière, trompe, rocher"
1855_Solignac-Armand-de_Le-Gateau-des-rois-souvenirs-d-enfance.txt,1855,5,"éléphant, vieillard, montagne, troupe, peuple, compagne, vallée, sourd, prince, créature, palais, nourriture, bande, capitaine, orphelin, princesse, solitude, rivière, trompe, rocher"
1858_Pressense-Elise-de_Rosa.txt,1858,5,"éléphant, vieillard, montagne, troupe, peuple, compagne, vallée, sourd, prince, créature, palais, nourriture, bande, capitaine, orphelin, princesse, solitude, rivière, trompe, rocher"
1858_Segur-comtesse-de_Les-Petites-Filles-Modeles.txt,1858,6,"orme, âne, coeur, capitaine, soeur, voleur, tante, comtesse, curé, mademoisell, poupée, tasse, louve, vaisseau, couteau, commandant, punir, gendarme, mlle, corsaire"
1858_Segur-comtesse-de_Les-Malheurs-de-Sophie.txt,1858,6,"orme, âne, coeur, capitaine, soeur, voleur, tante, comtesse, curé, mademoisell, poupée, tasse, louve, vaisseau, couteau, commandant, punir, gendarme, mlle, corsaire"
1858_Gouraud-Julie_Les-Vacances-d-Yvonne.txt,1858,1,"tante, mlle, mademoisell, vieillard, colonel, nièce, docteur, capitaine, vacance, chéri, écolier, neveu, professeur, demoiselle, notaire, hôtel, classe, apprécier, marraine, invitation"
1859_Segur-comtesse-de_Les-Vacances.txt,1859,6,"orme, âne, coeur, capitaine, soeur, voleur, tante, comtesse, curé, mademoisell, poupée, tasse, louve, vaisseau, couteau, commandant, punir, gendarme, mlle, corsaire"
1860_Sauquet-Aricie-Courbatere-Mme_Les-Veillees-du-pensionnat.txt,1860,5,"éléphant, vieillard, montagne, troupe, peuple, compagne, vallée, sourd, prince, créature, palais, nourriture, bande, capitaine, orphelin, princesse, solitude, rivière, trompe, rocher"
1860_Segur-comtesse-de_Les-Memoires-d-un-ane.txt,1860,6,"orme, âne, coeur, capitaine, soeur, voleur, tante, comtesse, curé, mademoisell, poupée, tasse, louve, vaisseau, couteau, commandant, punir, gendarme, mlle, corsaire"
1861_Segur-comtesse-de_Pauvre-Blaise.txt,1861,6,"orme, âne, coeur, capitaine, soeur, voleur, tante, comtesse, curé, mademoisell, poupée, tasse, louve, vaisseau, couteau, commandant, punir, gendarme, mlle, corsaire"
1862_Segur-comtesse-de_La-soeur-de-Gribouille.txt,1862,6,"orme, âne, coeur, capitaine, soeur, voleur, tante, comtesse, curé, mademoisell, poupée, tasse, louve, vaisseau, couteau, commandant, punir, gendarme, mlle, corsaire"
1862_Leneveux-Louise_Soirees-en-famille--lectures-pour-la-jeunesse.txt,1862,5,"éléphant, vieillard, montagne, troupe, peuple, compagne, vallée, sourd, prince, créature, palais, nourriture, bande, capitaine, orphelin, princesse, solitude, rivière, trompe, rocher"
1863_Farrenc-Cesarie_La-jalousie.txt,1863,1,"tante, mlle, mademoisell, vieillard, colonel, nièce, docteur, capitaine, vacance, chéri, écolier, neveu, professeur, demoiselle, notaire, hôtel, classe, apprécier, marraine, invitation"
1863_Segur-comtesse-de_Les-deux-nigauds.txt,1863,0,"tante, curé, classe, juge, chanoinesse, capitaine, vache, neige, lycée, mademoisell, pension, professeur, public, tuteur, docteur, hôtel, magister, billet, aveugle, bateau"
1864_Segur-comtesse-de_François-le-Bossu.txt,1864,6,"orme, âne, coeur, capitaine, soeur, voleur, tante, comtesse, curé, mademoisell, poupée, tasse, louve, vaisseau, couteau, commandant, punir, gendarme, mlle, corsaire"
1864_Ribelle-Charles-de_Les-Confidences-de-Gribouille.txt,1864,5,"éléphant, vieillard, montagne, troupe, peuple, compagne, vallée, sourd, prince, créature, palais, nourriture, bande, capitaine, orphelin, princesse, solitude, rivière, trompe, rocher"
1865_Kaempfen-Albert_La-Tasse-a-the.txt,1865,6,"orme, âne, coeur, capitaine, soeur, voleur, tante, comtesse, curé, mademoisell, poupée, tasse, louve, vaisseau, couteau, commandant, punir, gendarme, mlle, corsaire"
1866_Segur-comtesse-de_Un-Bon-Petit-Diable.txt,1866,0,"tante, curé, classe, juge, chanoinesse, capitaine, vache, neige, lycée, mademoisell, pension, professeur, public, tuteur, docteur, hôtel, magister, billet, aveugle, bateau"
1866_Muller-Rene_Les-Enfants-gates.txt,1866,1,"tante, mlle, mademoisell, vieillard, colonel, nièce, docteur, capitaine, vacance, chéri, écolier, neveu, professeur, demoiselle, notaire, hôtel, classe, apprécier, marraine, invitation"
1866_Gouraud-Julie_Mémoires-d'un-caniche.txt,1866,5,"éléphant, vieillard, montagne, troupe, peuple, compagne, vallée, sourd, prince, créature, palais, nourriture, bande, capitaine, orphelin, princesse, solitude, rivière, trompe, rocher"
1866_Segur-comtesse-de_Jean-qui-grogne-et-Jean-qui-rit.txt,1866,6,"orme, âne, coeur, capitaine, soeur, voleur, tante, comtesse, curé, mademoisell, poupée, tasse, louve, vaisseau, couteau, commandant, punir, gendarme, mlle, corsaire"
1867_Gouraud-Julie_Le-petit-colporteur.txt,1867,1,"tante, mlle, mademoisell, vieillard, colonel, nièce, docteur, capitaine, vacance, chéri, écolier, neveu, professeur, demoiselle, notaire, hôtel, classe, apprécier, marraine, invitation"
1867_Houssaye-Arsene_La-Pantoufle-de-Cendrillon-ou-Suzanne-aux-coquelicots.txt,1867,3,"poupée, baron, princesse, baronne, moulin, bergère, mlle, jouet, tailleur, artiste, lune, prince, valet, soulier, fée, neige, portrait, fermier, meunier, marchand"
1867_Marcel-Jeanne_Les-petits-vagabonds.txt,1867,5,"éléphant, vieillard, montagne, troupe, peuple, compagne, vallée, sourd, prince, créature, palais, nourriture, bande, capitaine, orphelin, princesse, solitude, rivière, trompe, rocher"
1867_Pressense-Elise-de_Deux-ans-au-lycee.txt,1867,5,"éléphant, vieillard, montagne, troupe, peuple, compagne, vallée, sourd, prince, créature, palais, nourriture, bande, capitaine, orphelin, princesse, solitude, rivière, trompe, rocher"
1867_Sauquet-Victor_L-Enfant-des-montagnes.txt,1867,5,"éléphant, vieillard, montagne, troupe, peuple, compagne, vallée, sourd, prince, créature, palais, nourriture, bande, capitaine, orphelin, princesse, solitude, rivière, trompe, rocher"
1867_Pitray-Olga-de-Segur_Les-enfants-des-Tuileries.txt,1867,0,"tante, curé, classe, juge, chanoinesse, capitaine, vache, neige, lycée, mademoisell, pension, professeur, public, tuteur, docteur, hôtel, magister, billet, aveugle, bateau"
1867_Savigny-Laurence-de_Le-Robinson-des-Alpes.txt,1867,9,"colonel, baronne, navire, montagne, commandant, canot, officier, marin, bateau, île, matelot, fleuve, pont, région, vallée, côte, nord, colonne, équipage, sable"
1868_Gouraud-Julie_L-Enfant-du-guide.txt,1868,1,"tante, mlle, mademoisell, vieillard, colonel, nièce, docteur, capitaine, vacance, chéri, écolier, neveu, professeur, demoiselle, notaire, hôtel, classe, apprécier, marraine, invitation"
1869_Carraud-Zulma-Tourangin-Mme_Les-Gouters-de-la-grand-mere.txt,1869,1,"tante, mlle, mademoisell, vieillard, colonel, nièce, docteur, capitaine, vacance, chéri, écolier, neveu, professeur, demoiselle, notaire, hôtel, classe, apprécier, marraine, invitation"
1872_Gouraud-Julie_Le-Livre-de-maman.txt,1872,1,"tante, mlle, mademoisell, vieillard, colonel, nièce, docteur, capitaine, vacance, chéri, écolier, neveu, professeur, demoiselle, notaire, hôtel, classe, apprécier, marraine, invitation"
1873_Sannois-Comtesse-de_Les-Soirees-a-la-maison.txt,1873,5,"éléphant, vieillard, montagne, troupe, peuple, compagne, vallée, sourd, prince, créature, palais, nourriture, bande, capitaine, orphelin, princesse, solitude, rivière, trompe, rocher"
1873_Pressense-Elise-de_Un-petit-monde-d-enfants.txt,1873,5,"éléphant, vieillard, montagne, troupe, peuple, compagne, vallée, sourd, prince, créature, palais, nourriture, bande, capitaine, orphelin, princesse, solitude, rivière, trompe, rocher"
1873_Viollet-le-Duc-Eugene-Emmanuel_Histoire-d-une-maison.txt,1873,8,"mètre, ouvrier, construction, kilomètre, tante, siècle, aérien, plan, appareil, île, usine, patron, machine, pilote, dirigeable, ingénieur, étage, docteur, moteur, terrain"
1873_Gouraud-Julie_Petite-et-grande.txt,1873,1,"tante, mlle, mademoisell, vieillard, colonel, nièce, docteur, capitaine, vacance, chéri, écolier, neveu, professeur, demoiselle, notaire, hôtel, classe, apprécier, marraine, invitation"
1874_Witt-Henriette-de_Une-soeur.txt,1874,1,"tante, mlle, mademoisell, vieillard, colonel, nièce, docteur, capitaine, vacance, chéri, écolier, neveu, professeur, demoiselle, notaire, hôtel, classe, apprécier, marraine, invitation"
1874_Colomb-Josephine_Comtes.txt,1874,3,"poupée, baron, princesse, baronne, moulin, bergère, mlle, jouet, tailleur, artiste, lune, prince, valet, soulier, fée, neige, portrait, fermier, meunier, marchand"
1874_Fleuriot-Zenaide_Armelle-Trahec.txt,1874,1,"tante, mlle, mademoisell, vieillard, colonel, nièce, docteur, capitaine, vacance, chéri, écolier, neveu, professeur, demoiselle, notaire, hôtel, classe, apprécier, marraine, invitation"
1874_Stolz-Madame-de_Les-Poches-de-mon-oncle.txt,1874,0,"tante, curé, classe, juge, chanoinesse, capitaine, vache, neige, lycée, mademoisell, pension, professeur, public, tuteur, docteur, hôtel, magister, billet, aveugle, bateau"
1875_Mirabeau-Marie-Le-Harivel-de-Gonneville_Ctesse-de-Mirabeau-Jane-et-Germaine-Voyages-d-un-capitaine.txt,1875,1,"tante, mlle, mademoisell, vieillard, colonel, nièce, docteur, capitaine, vacance, chéri, écolier, neveu, professeur, demoiselle, notaire, hôtel, classe, apprécier, marraine, invitation"
1875_Legouve-Ernest_Nos-filles-et-nos-fils-scenes-et-etudes-de-famille.txt,1875,0,"tante, curé, classe, juge, chanoinesse, capitaine, vache, neige, lycée, mademoisell, pension, professeur, public, tuteur, docteur, hôtel, magister, billet, aveugle, bateau"
1876_Gouraud-Julie_Les-Quatre-pièces-d'or.txt,1876,1,"tante, mlle, mademoisell, vieillard, colonel, nièce, docteur, capitaine, vacance, chéri, écolier, neveu, professeur, demoiselle, notaire, hôtel, classe, apprécier, marraine, invitation"
1876_Gouraud-Julie_Les-Filles-du-professeur.txt,1876,1,"tante, mlle, mademoisell, vieillard, colonel, nièce, docteur, capitaine, vacance, chéri, écolier, neveu, professeur, demoiselle, notaire, hôtel, classe, apprécier, marraine, invitation"
1876_Chazel-Prosper_Le-Chalet-des-sapins.txt,1876,4,"bohémien, crique, bouton, marquis, armée, chemise, buisson, bûcheron, caillou, bande, coupe, guerrier, pantalon, culotte, troupe, classe, sale, trique, cul, forestier"
1877_Fleuriot-Zenaide_Un-enfant-gate.txt,1877,0,"tante, curé, classe, juge, chanoinesse, capitaine, vache, neige, lycée, mademoisell, pension, professeur, public, tuteur, docteur, hôtel, magister, billet, aveugle, bateau"
1878_Berthet-Elie_Les-Petits-ecoliers-dans-les-cinq-parties-du-monde.txt,1878,5,"éléphant, vieillard, montagne, troupe, peuple, compagne, vallée, sourd, prince, créature, palais, nourriture, bande, capitaine, orphelin, princesse, solitude, rivière, trompe, rocher"
1878_Girardin-Jules_Ouida-Pascarel-roman-imite-de-l-anglais.txt,1878,5,"éléphant, vieillard, montagne, troupe, peuple, compagne, vallée, sourd, prince, créature, palais, nourriture, bande, capitaine, orphelin, princesse, solitude, rivière, trompe, rocher"
1878_Gouraud-Julie_Cousine-Marie.txt,1878,1,"tante, mlle, mademoisell, vieillard, colonel, nièce, docteur, capitaine, vacance, chéri, écolier, neveu, professeur, demoiselle, notaire, hôtel, classe, apprécier, marraine, invitation"
1878_Chavannes-de-La-Giraudiere-Hippolyte-de_Patrice.txt,1878,9,"colonel, baronne, navire, montagne, commandant, canot, officier, marin, bateau, île, matelot, fleuve, pont, région, vallée, côte, nord, colonne, équipage, sable"
1878_Assollant-Alfred_Le-plus-hardi-des-gueux.txt,1878,7,"curé, capitaine, baron, parisien, hôtel, sénéchal, pont, boutique, vallée, commerce, commissaire, siècle, marchand, abbé, département, quartier, gare, police, ouvrier, marquis"
1878_Dupuis-Eudoxie_Cyprienne-et-Cyprien.txt,1878,5,"éléphant, vieillard, montagne, troupe, peuple, compagne, vallée, sourd, prince, créature, palais, nourriture, bande, capitaine, orphelin, princesse, solitude, rivière, trompe, rocher"
1880_Gouraud-Julie_Aller-et-retour.txt,1880,1,"tante, mlle, mademoisell, vieillard, colonel, nièce, docteur, capitaine, vacance, chéri, écolier, neveu, professeur, demoiselle, notaire, hôtel, classe, apprécier, marraine, invitation"
1880_Fleuriot-Zenaide_Tranquille-et-Tourbillon.txt,1880,1,"tante, mlle, mademoisell, vieillard, colonel, nièce, docteur, capitaine, vacance, chéri, écolier, neveu, professeur, demoiselle, notaire, hôtel, classe, apprécier, marraine, invitation"
1880_Martignat-Mlle-de_L-Oncle-Boni.txt,1880,1,"tante, mlle, mademoisell, vieillard, colonel, nièce, docteur, capitaine, vacance, chéri, écolier, neveu, professeur, demoiselle, notaire, hôtel, classe, apprécier, marraine, invitation"
1880_Fleuriot-Zenaide_Bonasse.txt,1880,1,"tante, mlle, mademoisell, vieillard, colonel, nièce, docteur, capitaine, vacance, chéri, écolier, neveu, professeur, demoiselle, notaire, hôtel, classe, apprécier, marraine, invitation"
1880_Gozlan-Leon_Aventures-merveilleuses-et-touchantes-du-prince-Chenevis-et-de-sa-jeune-soeur.txt,1880,5,"éléphant, vieillard, montagne, troupe, peuple, compagne, vallée, sourd, prince, créature, palais, nourriture, bande, capitaine, orphelin, princesse, solitude, rivière, trompe, rocher"
1881_Laurie-Andre_Memoires-d-un-collegien.txt,1881,0,"tante, curé, classe, juge, chanoinesse, capitaine, vache, neige, lycée, mademoisell, pension, professeur, public, tuteur, docteur, hôtel, magister, billet, aveugle, bateau"
1881_Martignat-Mlle-de_Ginette.txt,1881,0,"tante, curé, classe, juge, chanoinesse, capitaine, vache, neige, lycée, mademoisell, pension, professeur, public, tuteur, docteur, hôtel, magister, billet, aveugle, bateau"
1881_Stolz-Madame-de_Les-deux-reines.txt,1881,1,"tante, mlle, mademoisell, vieillard, colonel, nièce, docteur, capitaine, vacance, chéri, écolier, neveu, professeur, demoiselle, notaire, hôtel, classe, apprécier, marraine, invitation"
1881_Erckmann-Chatrian_Les-Vieux-de-la-Vieille-Justine-et-Lucien..txt,1881,5,"éléphant, vieillard, montagne, troupe, peuple, compagne, vallée, sourd, prince, créature, palais, nourriture, bande, capitaine, orphelin, princesse, solitude, rivière, trompe, rocher"
1881_Fleuriot-Zenaide_Alberte.txt,1881,1,"tante, mlle, mademoisell, vieillard, colonel, nièce, docteur, capitaine, vacance, chéri, écolier, neveu, professeur, demoiselle, notaire, hôtel, classe, apprécier, marraine, invitation"
1881_Colomb-Josephine_Feu-de-paille.txt,1881,0,"tante, curé, classe, juge, chanoinesse, capitaine, vache, neige, lycée, mademoisell, pension, professeur, public, tuteur, docteur, hôtel, magister, billet, aveugle, bateau"
1882_Gouraud-Julie_Chez-grand-mere.txt,1882,1,"tante, mlle, mademoisell, vieillard, colonel, nièce, docteur, capitaine, vacance, chéri, écolier, neveu, professeur, demoiselle, notaire, hôtel, classe, apprécier, marraine, invitation"
1882_Fleuriot-Zenaide_Bouche-en-coeur.txt,1882,3,"poupée, baron, princesse, baronne, moulin, bergère, mlle, jouet, tailleur, artiste, lune, prince, valet, soulier, fée, neige, portrait, fermier, meunier, marchand"
1883_Halt-Marie-Robert_Histoire-d-un-petit-homme.txt,1883,8,"mètre, ouvrier, construction, kilomètre, tante, siècle, aérien, plan, appareil, île, usine, patron, machine, pilote, dirigeable, ingénieur, étage, docteur, moteur, terrain"
1884_Gouraud-Julie_Le-Vieux-chateau.txt,1884,1,"tante, mlle, mademoisell, vieillard, colonel, nièce, docteur, capitaine, vacance, chéri, écolier, neveu, professeur, demoiselle, notaire, hôtel, classe, apprécier, marraine, invitation"
1884_Laurie-Andre_L-Heritier-de-Robinson.txt,1884,9,"colonel, baronne, navire, montagne, commandant, canot, officier, marin, bateau, île, matelot, fleuve, pont, région, vallée, côte, nord, colonne, équipage, sable"
1885_Bazin-Rene_Ma-tante-Giron.txt,1885,1,"tante, mlle, mademoisell, vieillard, colonel, nièce, docteur, capitaine, vacance, chéri, écolier, neveu, professeur, demoiselle, notaire, hôtel, classe, apprécier, marraine, invitation"
1885_Malot-Hector_Romain-Kalbris.txt,1885,3,"poupée, baron, princesse, baronne, moulin, bergère, mlle, jouet, tailleur, artiste, lune, prince, valet, soulier, fée, neige, portrait, fermier, meunier, marchand"
1885_Amero-Constant_Le-tour-de-France-d-un-petit-Parisien.txt,1885,7,"curé, capitaine, baron, parisien, hôtel, sénéchal, pont, boutique, vallée, commerce, commissaire, siècle, marchand, abbé, département, quartier, gare, police, ouvrier, marquis"
1886_Sand-George_Les-ailes-de-courage.txt,1886,3,"poupée, baron, princesse, baronne, moulin, bergère, mlle, jouet, tailleur, artiste, lune, prince, valet, soulier, fée, neige, portrait, fermier, meunier, marchand"
1886_Lemonnier-Camille_Les-joujoux-parlants.txt,1886,3,"poupée, baron, princesse, baronne, moulin, bergère, mlle, jouet, tailleur, artiste, lune, prince, valet, soulier, fée, neige, portrait, fermier, meunier, marchand"
1887_Malot-Hector_Sans-famille.txt,1887,0,"tante, curé, classe, juge, chanoinesse, capitaine, vache, neige, lycée, mademoisell, pension, professeur, public, tuteur, docteur, hôtel, magister, billet, aveugle, bateau"
1887_Soboleska-Mme_Les-Jeunes-filles-de-Quinnebasset.txt,1887,0,"tante, curé, classe, juge, chanoinesse, capitaine, vache, neige, lycée, mademoisell, pension, professeur, public, tuteur, docteur, hôtel, magister, billet, aveugle, bateau"
1888_Stolz-Madame-de_Violence-et-bonte.txt,1888,1,"tante, mlle, mademoisell, vieillard, colonel, nièce, docteur, capitaine, vacance, chéri, écolier, neveu, professeur, demoiselle, notaire, hôtel, classe, apprécier, marraine, invitation"
1888_Gouraud-Julie_Quand-je-serai-grande.txt,1888,1,"tante, mlle, mademoisell, vieillard, colonel, nièce, docteur, capitaine, vacance, chéri, écolier, neveu, professeur, demoiselle, notaire, hôtel, classe, apprécier, marraine, invitation"
1888_Blandy-Stella_L-Oncle-Philibert.txt,1888,1,"tante, mlle, mademoisell, vieillard, colonel, nièce, docteur, capitaine, vacance, chéri, écolier, neveu, professeur, demoiselle, notaire, hôtel, classe, apprécier, marraine, invitation"
1889_La-Brete-Jean-de_Mon-oncle-et-mon-cure.txt,1889,0,"tante, curé, classe, juge, chanoinesse, capitaine, vache, neige, lycée, mademoisell, pension, professeur, public, tuteur, docteur, hôtel, magister, billet, aveugle, bateau"
1889_Dombre-Roger_Folla.txt,1889,0,"tante, curé, classe, juge, chanoinesse, capitaine, vache, neige, lycée, mademoisell, pension, professeur, public, tuteur, docteur, hôtel, magister, billet, aveugle, bateau"
1890_Pitray-Olga-de-Segur_Voyages-abracadabrants-du-gros-Phileas.txt,1890,0,"tante, curé, classe, juge, chanoinesse, capitaine, vache, neige, lycée, mademoisell, pension, professeur, public, tuteur, docteur, hôtel, magister, billet, aveugle, bateau"
1890_Hameau-Louise_Mademoiselle-Pourquoi.txt,1890,3,"poupée, baron, princesse, baronne, moulin, bergère, mlle, jouet, tailleur, artiste, lune, prince, valet, soulier, fée, neige, portrait, fermier, meunier, marchand"
1890_Dombre-Roger_Une-pupille-genante.txt,1890,0,"tante, curé, classe, juge, chanoinesse, capitaine, vache, neige, lycée, mademoisell, pension, professeur, public, tuteur, docteur, hôtel, magister, billet, aveugle, bateau"
1890_Dombre-Roger_La-Nounou.txt,1890,5,"éléphant, vieillard, montagne, troupe, peuple, compagne, vallée, sourd, prince, créature, palais, nourriture, bande, capitaine, orphelin, princesse, solitude, rivière, trompe, rocher"
1891_Witt-Henriette-de_La-Petite-fille-aux-grand-meres.txt,1891,5,"éléphant, vieillard, montagne, troupe, peuple, compagne, vallée, sourd, prince, créature, palais, nourriture, bande, capitaine, orphelin, princesse, solitude, rivière, trompe, rocher"
1891_Pitray-Olga-de-Segur_L-Usine-et-le-chateau.txt,1891,0,"tante, curé, classe, juge, chanoinesse, capitaine, vache, neige, lycée, mademoisell, pension, professeur, public, tuteur, docteur, hôtel, magister, billet, aveugle, bateau"
1892_Stolz-Madame-de_La-famille-Coquelicot.txt,1892,1,"tante, mlle, mademoisell, vieillard, colonel, nièce, docteur, capitaine, vacance, chéri, écolier, neveu, professeur, demoiselle, notaire, hôtel, classe, apprécier, marraine, invitation"
1892_Colomb-Josephine_Les-Conquetes-d-Hermine.txt,1892,0,"tante, curé, classe, juge, chanoinesse, capitaine, vache, neige, lycée, mademoisell, pension, professeur, public, tuteur, docteur, hôtel, magister, billet, aveugle, bateau"
1893_Vadier-Berthe_Rose-et-Rosette-odyssee-d-une-trop-belle-poupee.txt,1893,0,"tante, curé, classe, juge, chanoinesse, capitaine, vache, neige, lycée, mademoisell, pension, professeur, public, tuteur, docteur, hôtel, magister, billet, aveugle, bateau"
1893_Marie-Delorme_Les-Filles-du-clown.txt,1893,5,"éléphant, vieillard, montagne, troupe, peuple, compagne, vallée, sourd, prince, créature, palais, nourriture, bande, capitaine, orphelin, princesse, solitude, rivière, trompe, rocher"
1893_Malot-Hector_En-Famille.txt,1893,0,"tante, curé, classe, juge, chanoinesse, capitaine, vache, neige, lycée, mademoisell, pension, professeur, public, tuteur, docteur, hôtel, magister, billet, aveugle, bateau"
1894_Gautier-Judith_Memoires-d-un-Elephant-blanc.txt,1894,5,"éléphant, vieillard, montagne, troupe, peuple, compagne, vallée, sourd, prince, créature, palais, nourriture, bande, capitaine, orphelin, princesse, solitude, rivière, trompe, rocher"
1895_Mael-Pierre_Les-Derniers-Hommes-rouges.txt,1895,9,"colonel, baronne, navire, montagne, commandant, canot, officier, marin, bateau, île, matelot, fleuve, pont, région, vallée, côte, nord, colonne, équipage, sable"
1896_Gyp_Bijou.txt,1896,0,"tante, curé, classe, juge, chanoinesse, capitaine, vache, neige, lycée, mademoisell, pension, professeur, public, tuteur, docteur, hôtel, magister, billet, aveugle, bateau"
1896_Soboleska-Mme_Siribeddi-memoires-d-un-elephant.txt,1896,5,"éléphant, vieillard, montagne, troupe, peuple, compagne, vallée, sourd, prince, créature, palais, nourriture, bande, capitaine, orphelin, princesse, solitude, rivière, trompe, rocher"
1897_Gerald-Montmeril_Chryseis-au-desert.txt,1897,9,"colonel, baronne, navire, montagne, commandant, canot, officier, marin, bateau, île, matelot, fleuve, pont, région, vallée, côte, nord, colonne, équipage, sable"
1897_Mael-Pierre_Au-pays-du-mystere.txt,1897,9,"colonel, baronne, navire, montagne, commandant, canot, officier, marin, bateau, île, matelot, fleuve, pont, région, vallée, côte, nord, colonne, équipage, sable"
1899_Colomb-Josephine_Chloris-et-Jeanneton.txt,1899,3,"poupée, baron, princesse, baronne, moulin, bergère, mlle, jouet, tailleur, artiste, lune, prince, valet, soulier, fée, neige, portrait, fermier, meunier, marchand"
1900_Chabrier-Rieder-Charlotte_Les-epreuves-de-Charlotte.txt,1900,0,"tante, curé, classe, juge, chanoinesse, capitaine, vache, neige, lycée, mademoisell, pension, professeur, public, tuteur, docteur, hôtel, magister, billet, aveugle, bateau"
1901_Soboleska-Mme_Les-Bonnes-idees-de-Mlle-Rose_Les-Enfants-au-ballon-elastique.txt,1901,3,"poupée, baron, princesse, baronne, moulin, bergère, mlle, jouet, tailleur, artiste, lune, prince, valet, soulier, fée, neige, portrait, fermier, meunier, marchand"
1901_Mael-Pierre_Un-mousse-de-Surcouf.txt,1901,9,"colonel, baronne, navire, montagne, commandant, canot, officier, marin, bateau, île, matelot, fleuve, pont, région, vallée, côte, nord, colonne, équipage, sable"
1902_Laurie-Andre_Memoires-d-un-collegien-russe.txt,1902,0,"tante, curé, classe, juge, chanoinesse, capitaine, vache, neige, lycée, mademoisell, pension, professeur, public, tuteur, docteur, hôtel, magister, billet, aveugle, bateau"
1903_Chabrier-Rieder-Charlotte_Les-Enfants-du-Luxembourg.txt,1903,0,"tante, curé, classe, juge, chanoinesse, capitaine, vache, neige, lycée, mademoisell, pension, professeur, public, tuteur, docteur, hôtel, magister, billet, aveugle, bateau"
1905_Toulet-Paul-Jean_Mon-amie-Nane.txt,1905,0,"tante, curé, classe, juge, chanoinesse, capitaine, vache, neige, lycée, mademoisell, pension, professeur, public, tuteur, docteur, hôtel, magister, billet, aveugle, bateau"
1906_Morin-Louis_Grand-mere-avait-des-defauts-.txt,1906,5,"éléphant, vieillard, montagne, troupe, peuple, compagne, vallée, sourd, prince, créature, palais, nourriture, bande, capitaine, orphelin, princesse, solitude, rivière, trompe, rocher"
1907_Mael-Pierre_Le-Forban-noir.txt,1907,9,"colonel, baronne, navire, montagne, commandant, canot, officier, marin, bateau, île, matelot, fleuve, pont, région, vallée, côte, nord, colonne, équipage, sable"
1910_Cim-Albert_Le-petit-Leveille.txt,1910,1,"tante, mlle, mademoisell, vieillard, colonel, nièce, docteur, capitaine, vacance, chéri, écolier, neveu, professeur, demoiselle, notaire, hôtel, classe, apprécier, marraine, invitation"
1910_Graffigny-H-de_Le-tour-de-France-en-aeroplane.txt,1910,8,"mètre, ouvrier, construction, kilomètre, tante, siècle, aérien, plan, appareil, île, usine, patron, machine, pilote, dirigeable, ingénieur, étage, docteur, moteur, terrain"
1911_Marchal-Gustave_Tante-Meteore.txt,1911,8,"mètre, ouvrier, construction, kilomètre, tante, siècle, aérien, plan, appareil, île, usine, patron, machine, pilote, dirigeable, ingénieur, étage, docteur, moteur, terrain"
1912_Pergaud-Louis_La-Guerre-des-boutons.txt,1912,4,"bohémien, crique, bouton, marquis, armée, chemise, buisson, bûcheron, caillou, bande, coupe, guerrier, pantalon, culotte, troupe, classe, sale, trique, cul, forestier"
1922_Margueritte-Victor_Poum_(aventures-d-un-petit-garçon).txt,1922,0,"tante, curé, classe, juge, chanoinesse, capitaine, vache, neige, lycée, mademoisell, pension, professeur, public, tuteur, docteur, hôtel, magister, billet, aveugle, bateau"
1925_Robida-Albert_Un-chalet-dans-les-airs.txt,1925,8,"mètre, ouvrier, construction, kilomètre, tante, siècle, aérien, plan, appareil, île, usine, patron, machine, pilote, dirigeable, ingénieur, étage, docteur, moteur, terrain"
1926_Mac-Orlan-Pierre_Les-clients-du-Bon-Chien-Jaune.txt,1926,5,"éléphant, vieillard, montagne, troupe, peuple, compagne, vallée, sourd, prince, créature, palais, nourriture, bande, capitaine, orphelin, princesse, solitude, rivière, trompe, rocher"
1930_Genestoux-Magdeleine-du_Mademoiselle-trouble-fete.txt,1930,0,"tante, curé, classe, juge, chanoinesse, capitaine, vache, neige, lycée, mademoisell, pension, professeur, public, tuteur, docteur, hôtel, magister, billet, aveugle, bateau"
1943_Saint-Exupery-Antoine-de_Le-petit-prince.txt,1943,2,"prince, planète, étoile, palais, renard, ministre, bûcheron, serpent, poisson, million, baobab, géographe, bonhomme, fée, allumeur, volcan, dessiner, réverbère, royal, mendiant"
